SourceFile,FileName,CreateDate,Duration,CameraPitch,CameraYaw,CameraRoll,AbsoluteAltitude,RelativeAltitude,GPSAltitude,GPSCoordinates,GPSLatitude,GPSLongitude,RtkFlag,RtkStdHgt,RtkStdLat,RtkStdLon
/Volumes/LANGE_Passport/Remote_surfzone_bathy_paper/DATA/20200707_Torrey/10/DJI_0006.JPG,DJI_0006.JPG,2020:07:07 10:42:50,,-15.20,-102.70,+0.00,+30.77,+60.97,30.7 m Above Sea Level,,32.92714050000000014506 N,117.25852216666666549827 W,50,0.03608,0.01901,0.02159
/Volumes/LANGE_Passport/Remote_surfzone_bathy_paper/DATA/20200707_Torrey/10/DJI_0007.MOV,DJI_0007.MOV,2020:07:07 10:42:52,0:05:28,-15.20,-102.70,+0.00,,,60.9 m,"32.92715900000000317505 N, 117.25854099999999391457 W, 60.9 m Above Sea Level",32.92715900000000317505 N,117.25854099999999391457 W,,,,
/Volumes/LANGE_Passport/Remote_surfzone_bathy_paper/DATA/20200707_Torrey/10/DJI_0008.MOV,DJI_0008.MOV,2020:07:07 10:48:21,0:05:28,-15.20,-102.70,+0.00,,,60.9 m,"32.92716399999999765669 N, 117.25854400000000055115 W, 60.9 m Above Sea Level",32.92716399999999765669 N,117.25854400000000055115 W,,,,
/Volumes/LANGE_Passport/Remote_surfzone_bathy_paper/DATA/20200707_Torrey/10/DJI_0009.MOV,DJI_0009.MOV,2020:07:07 10:53:49,0:05:28,-15.20,-102.70,+0.00,,,60.9 m,"32.92717900000000241789 N, 117.25853200000000242653 W, 60.9 m Above Sea Level",32.92717900000000241789 N,117.25853200000000242653 W,,,,
/Volumes/LANGE_Passport/Remote_surfzone_bathy_paper/DATA/20200707_Torrey/10/DJI_0011.JPG,DJI_0011.JPG,2020:07:07 11:00:16,,-15.20,-102.70,+0.00,+30.89,+61.08,30.8 m Above Sea Level,,32.92714747222222371192 N,117.25851027777777346728 W,50,0.03088,0.01753,0.01810
