SourceFile,FileName,CreateDate,Duration,CameraPitch,CameraYaw,CameraRoll,AbsoluteAltitude,RelativeAltitude,GPSAltitude,GPSCoordinates,GPSLatitude,GPSLongitude,RtkFlag,RtkStdHgt,RtkStdLat,RtkStdLon
/Volumes/LANGE_Passport/Remote_surfzone_bathy_paper/DATA/20200707_Torrey/05/DJI_0001.JPG,DJI_0001.JPG,2020:07:07 07:33:49,,-15.10,-135.60,+0.00,+30.95,+61.10,30.9 m Above Sea Level,,32.92713913888889010195 N,117.25852344444444952387 W,50,0.03530,0.01736,0.02142
/Volumes/LANGE_Passport/Remote_surfzone_bathy_paper/DATA/20200707_Torrey/05/DJI_0002.MOV,DJI_0002.MOV,2020:07:07 07:33:55,0:05:28,-15.00,-135.80,+0.00,,,61.1 m,"32.92713899999999682677 N, 117.25850800000000617729 W, 61.1 m Above Sea Level",32.92713899999999682677 N,117.25850800000000617729 W,,,,
/Volumes/LANGE_Passport/Remote_surfzone_bathy_paper/DATA/20200707_Torrey/05/DJI_0003.MOV,DJI_0003.MOV,2020:07:07 07:39:24,0:05:28,-15.00,-135.90,+0.00,,,61.1 m,"32.92713200000000028922 N, 117.25850699999999449119 W, 61.1 m Above Sea Level",32.92713200000000028922 N,117.25850699999999449119 W,,,,
/Volumes/LANGE_Passport/Remote_surfzone_bathy_paper/DATA/20200707_Torrey/05/DJI_0004.MOV,DJI_0004.MOV,2020:07:07 07:44:52,0:05:28,-15.10,-135.90,+0.00,,,61.1 m,"32.92714200000000346336 N, 117.25851099999999860302 W, 61.1 m Above Sea Level",32.92714200000000346336 N,117.25851099999999860302 W,,,,
