SourceFile,FileName,CreateDate,Duration,CameraPitch,CameraYaw,CameraRoll,AbsoluteAltitude,RelativeAltitude,GPSAltitude,GPSCoordinates,GPSLatitude,GPSLongitude,RtkFlag,RtkStdHgt,RtkStdLat,RtkStdLon
/Volumes/LANGE_Passport/Remote_surfzone_bathy_paper/DATA/20200707_Torrey/07/DJI_0006.JPG,DJI_0006.JPG,2020:07:07 09:07:38,,-14.80,-76.50,+0.00,+31.16,+61.24,31.1 m Above Sea Level,,32.92713908333332994971 N,117.25852183333333300652 W,50,0.04542,0.01923,0.01778
/Volumes/LANGE_Passport/Remote_surfzone_bathy_paper/DATA/20200707_Torrey/07/DJI_0007.MOV,DJI_0007.MOV,2020:07:07 09:07:35,0:05:28,-14.80,-76.80,+0.00,,,61.2 m,"32.92713299999999776446 N, 117.25851500000000271484 W, 61.2 m Above Sea Level",32.92713299999999776446 N,117.25851500000000271484 W,,,,
/Volumes/LANGE_Passport/Remote_surfzone_bathy_paper/DATA/20200707_Torrey/07/DJI_0008.MOV,DJI_0008.MOV,2020:07:07 09:13:04,0:05:28,-14.80,-76.90,+0.00,,,61.2 m,"32.92713299999999776446 N, 117.25851000000000112777 W, 61.2 m Above Sea Level",32.92713299999999776446 N,117.25851000000000112777 W,,,,
/Volumes/LANGE_Passport/Remote_surfzone_bathy_paper/DATA/20200707_Torrey/07/DJI_0009.MOV,DJI_0009.MOV,2020:07:07 09:18:31,0:05:28,-14.80,-76.90,+0.00,,,61.2 m,"32.92713299999999776446 N, 117.25851299999999355350 W, 61.2 m Above Sea Level",32.92713299999999776446 N,117.25851299999999355350 W,,,,
/Volumes/LANGE_Passport/Remote_surfzone_bathy_paper/DATA/20200707_Torrey/07/DJI_0011.JPG,DJI_0011.JPG,2020:07:07 09:25:03,,-14.80,-76.90,+0.00,+31.16,+61.25,31.1 m Above Sea Level,,32.92713852777777816527 N,117.25852188888889315876 W,50,0.04400,0.01813,0.01779
