SourceFile,FileName,CreateDate,Duration,CameraPitch,CameraYaw,CameraRoll,AbsoluteAltitude,RelativeAltitude,GPSAltitude,GPSCoordinates,GPSLatitude,GPSLongitude,RtkFlag,RtkStdHgt,RtkStdLat,RtkStdLon
/Volumes/LANGE_Passport/Remote_surfzone_bathy_paper/DATA/20200707_Torrey/03/DJI_0001.JPG,DJI_0001.JPG,2020:07:07 06:46:38,,-14.90,-102.60,+0.00,+30.96,+61.14,30.9 m Above Sea Level,,32.92714072222221943775 N,117.25852297222222375694 W,50,0.03774,0.01543,0.01886
/Volumes/LANGE_Passport/Remote_surfzone_bathy_paper/DATA/20200707_Torrey/03/DJI_0002.JPG,DJI_0002.JPG,2020:07:07 06:46:42,,-14.90,-102.50,+0.00,+30.99,+61.16,30.9 m Above Sea Level,,32.92713980555555508545 N,117.25852227777777159190 W,50,0.03785,0.01554,0.01895
/Volumes/LANGE_Passport/Remote_surfzone_bathy_paper/DATA/20200707_Torrey/03/DJI_0003.MOV,DJI_0003.MOV,2020:07:07 06:46:43,0:05:28,-14.90,-99.10,+0.00,,,61 m,"32.92712800000000328282 N, 117.25853100000000495129 W, 61 m Above Sea Level",32.92712800000000328282 N,117.25853100000000495129 W,,,,
/Volumes/LANGE_Passport/Remote_surfzone_bathy_paper/DATA/20200707_Torrey/03/DJI_0004.MOV,DJI_0004.MOV,2020:07:07 06:52:12,0:05:28,-14.90,-98.40,+0.00,,,61.1 m,"32.92712099999999963984 N, 117.25852100000000177715 W, 61.1 m Above Sea Level",32.92712099999999963984 N,117.25852100000000177715 W,,,,
/Volumes/LANGE_Passport/Remote_surfzone_bathy_paper/DATA/20200707_Torrey/03/DJI_0005.MOV,DJI_0005.MOV,2020:07:07 06:57:40,0:05:28,-14.90,-98.40,+0.00,,,61 m,"32.92713400000000234513 N, 117.25852600000000336422 W, 61 m Above Sea Level",32.92713400000000234513 N,117.25852600000000336422 W,,,,
