SourceFile,FileName,CreateDate,Duration,CameraPitch,CameraYaw,CameraRoll,AbsoluteAltitude,RelativeAltitude,GPSAltitude,GPSCoordinates,GPSLatitude,GPSLongitude,RtkFlag,RtkStdHgt,RtkStdLat,RtkStdLon
/Volumes/LANGE_Passport/Remote_surfzone_bathy_paper/DATA/20200707_Torrey/09/DJI_0006.JPG,DJI_0006.JPG,2020:07:07 10:05:46,,-15.10,-102.50,+0.00,+30.81,+61.00,30.8 m Above Sea Level,,32.92714022222222070013 N,117.25851936111111228911 W,50,0.04311,0.01859,0.02393
/Volumes/LANGE_Passport/Remote_surfzone_bathy_paper/DATA/20200707_Torrey/09/DJI_0007.MOV,DJI_0007.MOV,2020:07:07 10:05:41,0:05:28,-15.10,-102.10,+0.00,,,61 m,"32.92714399999999841384 N, 117.25852799999999831471 W, 61 m Above Sea Level",32.92714399999999841384 N,117.25852799999999831471 W,,,,
/Volumes/LANGE_Passport/Remote_surfzone_bathy_paper/DATA/20200707_Torrey/09/DJI_0008.MOV,DJI_0008.MOV,2020:07:07 10:11:10,0:05:28,-15.10,-102.10,+0.00,,,61 m,"32.92714699999999794500 N, 117.25852199999999925240 W, 61 m Above Sea Level",32.92714699999999794500 N,117.25852199999999925240 W,,,,
/Volumes/LANGE_Passport/Remote_surfzone_bathy_paper/DATA/20200707_Torrey/09/DJI_0009.MOV,DJI_0009.MOV,2020:07:07 10:16:37,0:05:28,-15.10,-102.10,+0.00,,,61 m,"32.92715100000000205682 N, 117.25852700000000083946 W, 61 m Above Sea Level",32.92715100000000205682 N,117.25852700000000083946 W,,,,
/Volumes/LANGE_Passport/Remote_surfzone_bathy_paper/DATA/20200707_Torrey/09/DJI_0011.JPG,DJI_0011.JPG,2020:07:07 10:22:58,,-15.10,-102.10,+0.00,+30.81,+61.00,30.8 m Above Sea Level,,32.92714050000000014506 N,117.25851916666667307254 W,50,0.03834,0.01761,0.02188
