SourceFile,FileName,CreateDate,Duration,CameraPitch,CameraYaw,CameraRoll,AbsoluteAltitude,RelativeAltitude,GPSAltitude,GPSCoordinates,GPSLatitude,GPSLongitude,RtkFlag,RtkStdHgt,RtkStdLat,RtkStdLon
/Volumes/LANGE_Passport/Remote_surfzone_bathy_paper/DATA/20200707_Torrey/02/DJI_0001.JPG,DJI_0001.JPG,2020:07:07 06:22:17,,-14.90,-106.60,+0.00,+34.18,+64.30,34.1 m Above Sea Level,,32.92713977777777500933 N,117.25852277777778454038 W,50,0.03588,0.01580,0.01830
/Volumes/LANGE_Passport/Remote_surfzone_bathy_paper/DATA/20200707_Torrey/02/DJI_0002.MOV,DJI_0002.MOV,2020:07:07 06:22:13,0:05:28,-14.90,-107.00,+0.00,,,64.3 m,"32.92712399999999917100 N, 117.25853299999999990177 W, 64.3 m Above Sea Level",32.92712399999999917100 N,117.25853299999999990177 W,,,,
/Volumes/LANGE_Passport/Remote_surfzone_bathy_paper/DATA/20200707_Torrey/02/DJI_0003.MOV,DJI_0003.MOV,2020:07:07 06:27:42,0:05:28,-14.90,-107.00,+0.00,,,64.3 m,"32.92711899999999758393 N, 117.25853299999999990177 W, 64.3 m Above Sea Level",32.92711899999999758393 N,117.25853299999999990177 W,,,,
/Volumes/LANGE_Passport/Remote_surfzone_bathy_paper/DATA/20200707_Torrey/02/DJI_0004.MOV,DJI_0004.MOV,2020:07:07 06:33:10,0:05:28,-14.90,-107.00,+0.00,,,64.3 m,"32.92712499999999664624 N, 117.25853399999999737702 W, 64.3 m Above Sea Level",32.92712499999999664624 N,117.25853399999999737702 W,,,,
