SourceFile,FileName,CreateDate,Duration,CameraPitch,CameraYaw,CameraRoll,AbsoluteAltitude,RelativeAltitude,GPSAltitude,GPSCoordinates,GPSLatitude,GPSLongitude,RtkFlag,RtkStdHgt,RtkStdLat,RtkStdLon
/Volumes/LANGE_Passport/Remote_surfzone_bathy_paper/DATA/20200707_Torrey/06/DJI_0006.JPG,DJI_0006.JPG,2020:07:07 08:41:50,,-15.20,-104.90,+0.00,+31.12,+61.25,31.1 m Above Sea Level,,32.92713969444444188639 N,117.25852211111110534603 W,50,0.03947,0.01866,0.01954
/Volumes/LANGE_Passport/Remote_surfzone_bathy_paper/DATA/20200707_Torrey/06/DJI_0007.MOV,DJI_0007.MOV,2020:07:07 08:41:45,0:05:28,-15.20,-105.10,+0.00,,,61.2 m,"32.92713499999999982037 N, 117.25850099999999542888 W, 61.2 m Above Sea Level",32.92713499999999982037 N,117.25850099999999542888 W,,,,
/Volumes/LANGE_Passport/Remote_surfzone_bathy_paper/DATA/20200707_Torrey/06/DJI_0008.MOV,DJI_0008.MOV,2020:07:07 08:47:14,0:05:28,-15.20,-105.10,+0.00,,,61.2 m,"32.92713400000000234513 N, 117.25849900000000047839 W, 61.2 m Above Sea Level",32.92713400000000234513 N,117.25849900000000047839 W,,,,
/Volumes/LANGE_Passport/Remote_surfzone_bathy_paper/DATA/20200707_Torrey/06/DJI_0009.MOV,DJI_0009.MOV,2020:07:07 08:52:42,0:05:28,-15.20,-105.10,+0.00,,,61.2 m,"32.92713799999999935153 N, 117.25850199999999290412 W, 61.2 m Above Sea Level",32.92713799999999935153 N,117.25850199999999290412 W,,,,
/Volumes/LANGE_Passport/Remote_surfzone_bathy_paper/DATA/20200707_Torrey/06/DJI_0011.JPG,DJI_0011.JPG,2020:07:07 08:59:02,,-15.20,-105.10,+0.00,+31.12,+61.24,31.1 m Above Sea Level,,32.92713938888888947076 N,117.25852233333333174414 W,50,0.04052,0.01891,0.01806
