SourceFile,FileName,CreateDate,Duration,CameraPitch,CameraYaw,CameraRoll,AbsoluteAltitude,RelativeAltitude,GPSAltitude,GPSCoordinates,GPSLatitude,GPSLongitude,RtkFlag,RtkStdHgt,RtkStdLat,RtkStdLon
/Volumes/LANGE_Passport/Remote_surfzone_bathy_paper/DATA/20200707_Torrey/04/DJI_0001.JPG,DJI_0001.JPG,2020:07:07 07:10:31,,-14.70,-69.30,+0.00,+31.04,+61.18,31 m Above Sea Level,,32.92714563888888790189 N,117.25852797222222534401 W,50,0.03521,0.01619,0.02169
/Volumes/LANGE_Passport/Remote_surfzone_bathy_paper/DATA/20200707_Torrey/04/DJI_0002.MOV,DJI_0002.MOV,2020:07:07 07:10:29,0:05:28,-14.70,-68.60,+0.00,,,61.1 m,"32.92713499999999982037 N, 117.25853600000000653836 W, 61.1 m Above Sea Level",32.92713499999999982037 N,117.25853600000000653836 W,,,,
/Volumes/LANGE_Passport/Remote_surfzone_bathy_paper/DATA/20200707_Torrey/04/DJI_0003.MOV,DJI_0003.MOV,2020:07:07 07:15:58,0:05:28,-14.70,-68.70,+0.00,,,61.1 m,"32.92712800000000328282 N, 117.25853499999999485226 W, 61.1 m Above Sea Level",32.92712800000000328282 N,117.25853499999999485226 W,,,,
/Volumes/LANGE_Passport/Remote_surfzone_bathy_paper/DATA/20200707_Torrey/04/DJI_0004.MOV,DJI_0004.MOV,2020:07:07 07:21:26,0:05:28,-14.70,-68.70,+0.00,,,61.1 m,"32.92713599999999729562 N, 117.25853800000000148884 W, 61.1 m Above Sea Level",32.92713599999999729562 N,117.25853800000000148884 W,,,,
