SourceFile,FileName,CreateDate,Duration,CameraPitch,CameraYaw,CameraRoll,AbsoluteAltitude,RelativeAltitude,GPSAltitude,GPSCoordinates,GPSLatitude,GPSLongitude,RtkFlag,RtkStdHgt,RtkStdLat,RtkStdLon
/Volumes/LANGE_Passport/Remote_surfzone_bathy_paper/DATA/20200707_Torrey/12/DJI_0012.JPG,DJI_0012.JPG,2020:07:07 11:34:48,,-15.30,-133.20,+0.00,+30.77,+60.99,30.7 m Above Sea Level,,32.92713955555555571664 N,117.25852222222222565051 W,50,0.03607,0.01766,0.01965
/Volumes/LANGE_Passport/Remote_surfzone_bathy_paper/DATA/20200707_Torrey/12/DJI_0013.MOV,DJI_0013.MOV,2020:07:07 11:34:42,0:05:28,-15.30,-133.60,+0.00,,,61 m,"32.92715299999999700731 N, 117.25852899999999578995 W, 61 m Above Sea Level",32.92715299999999700731 N,117.25852899999999578995 W,,,,
/Volumes/LANGE_Passport/Remote_surfzone_bathy_paper/DATA/20200707_Torrey/12/DJI_0014.MOV,DJI_0014.MOV,2020:07:07 11:40:11,0:05:28,-15.30,-133.50,+0.00,,,61 m,"32.92714900000000000091 N, 117.25852999999999326519 W, 61 m Above Sea Level",32.92714900000000000091 N,117.25852999999999326519 W,,,,
/Volumes/LANGE_Passport/Remote_surfzone_bathy_paper/DATA/20200707_Torrey/12/DJI_0015.MOV,DJI_0015.MOV,2020:07:07 11:45:39,0:05:28,-15.30,-133.60,+0.00,,,60.9 m,"32.92714399999999841384 N, 117.25853399999999737702 W, 60.9 m Above Sea Level",32.92714399999999841384 N,117.25853399999999737702 W,,,,
/Volumes/LANGE_Passport/Remote_surfzone_bathy_paper/DATA/20200707_Torrey/12/DJI_0017.JPG,DJI_0017.JPG,2020:07:07 11:52:10,,-15.30,-133.60,+0.00,+30.82,+61.04,30.8 m Above Sea Level,,32.92714030555555382307 N,117.25852169444443973134 W,50,0.03360,0.01812,0.01900
