SourceFile,FileName,CreateDate,Duration,CameraPitch,CameraYaw,CameraRoll,AbsoluteAltitude,RelativeAltitude,GPSAltitude,GPSCoordinates,GPSLatitude,GPSLongitude,RtkFlag,RtkStdHgt,RtkStdLat,RtkStdLon
/Volumes/LANGE_Passport/Remote_surfzone_bathy_paper/DATA/20200707_Torrey/11/DJI_0012.JPG,DJI_0012.JPG,2020:07:07 11:13:34,,-14.60,-71.90,+0.00,+30.90,+61.14,30.8 m Above Sea Level,,32.92714124999999825150 N,117.25852172222222691289 W,50,0.03466,0.01796,0.01819
/Volumes/LANGE_Passport/Remote_surfzone_bathy_paper/DATA/20200707_Torrey/11/DJI_0013.MOV,DJI_0013.MOV,2020:07:07 11:13:31,0:05:28,-14.60,-71.40,+0.00,,,61.1 m,"32.92715400000000158798 N, 117.25854300000000307591 W, 61.1 m Above Sea Level",32.92715400000000158798 N,117.25854300000000307591 W,,,,
/Volumes/LANGE_Passport/Remote_surfzone_bathy_paper/DATA/20200707_Torrey/11/DJI_0014.MOV,DJI_0014.MOV,2020:07:07 11:19:00,0:05:28,-14.60,-71.50,+0.00,,,61.1 m,"32.92715299999999700731 N, 117.25854200000000560067 W, 61.1 m Above Sea Level",32.92715299999999700731 N,117.25854200000000560067 W,,,,
/Volumes/LANGE_Passport/Remote_surfzone_bathy_paper/DATA/20200707_Torrey/11/DJI_0015.MOV,DJI_0015.MOV,2020:07:07 11:24:28,0:03:29,-14.60,-71.50,+0.00,,,61.1 m,"32.92714900000000000091 N, 117.25854099999999391457 W, 61.1 m Above Sea Level",32.92714900000000000091 N,117.25854099999999391457 W,,,,
