SourceFile,FileName,CreateDate,Duration,CameraPitch,CameraYaw,CameraRoll,AbsoluteAltitude,RelativeAltitude,GPSAltitude,GPSCoordinates,GPSLatitude,GPSLongitude,RtkFlag,RtkStdHgt,RtkStdLat,RtkStdLon
/Volumes/LANGE_Passport/Remote_surfzone_bathy_paper/DATA/20200707_Torrey/08/DJI_0007.JPG,DJI_0007.JPG,2020:07:07 09:33:14,,-14.80,-131.90,+0.00,+30.82,+60.97,30.8 m Above Sea Level,,32.92714013888888757720 N,117.25852266666666423589 W,50,0.04355,0.01810,0.01930
/Volumes/LANGE_Passport/Remote_surfzone_bathy_paper/DATA/20200707_Torrey/08/DJI_0008.MOV,DJI_0008.MOV,2020:07:07 09:33:08,0:05:28,-14.80,-131.60,+0.00,,,61 m,"32.92713899999999682677 N, 117.25851500000000271484 W, 61 m Above Sea Level",32.92713899999999682677 N,117.25851500000000271484 W,,,,
/Volumes/LANGE_Passport/Remote_surfzone_bathy_paper/DATA/20200707_Torrey/08/DJI_0009.MOV,DJI_0009.MOV,2020:07:07 09:38:37,0:05:28,-14.80,-131.70,+0.00,,,61 m,"32.92713599999999729562 N, 117.25851699999999766533 W, 61 m Above Sea Level",32.92713599999999729562 N,117.25851699999999766533 W,,,,
/Volumes/LANGE_Passport/Remote_surfzone_bathy_paper/DATA/20200707_Torrey/08/DJI_0010.MOV,DJI_0010.MOV,2020:07:07 09:44:04,0:05:28,-14.80,-131.70,+0.00,,,60.9 m,"32.92714000000000140744 N, 117.25851699999999766533 W, 60.9 m Above Sea Level",32.92714000000000140744 N,117.25851699999999766533 W,,,,
/Volumes/LANGE_Passport/Remote_surfzone_bathy_paper/DATA/20200707_Torrey/08/DJI_0012.JPG,DJI_0012.JPG,2020:07:07 09:50:30,,-14.80,-131.70,+0.00,+30.77,+60.95,30.7 m Above Sea Level,,32.92714058333333326800 N,117.25852227777777159190 W,50,0.03958,0.01728,0.02078
